experiment,benchmark,tau,method,rep,d,r,rank_hat,queries,discovery_queries,subspace_error,best_noisy_value,final_value,regret,batch,rep_global
optimization,sphere,0.0,oracle_subspace,0,12,2,2,3999,0,0.0,-0.059321159344999,0.0067988493287985,0.0067988493287985,0,0
optimization,sphere,0.0,cross_block_known,0,12,2,2,3999,720,0.3643594172221253,-0.0687300403420538,0.0070187938156815,0.0070187938156815,0,0
optimization,sphere,0.0,cross_block_adaptive,0,12,2,5,3999,720,1.0,-0.0670150237088055,0.0088938420369359,0.0088938420369359,0,0
optimization,sphere,0.0,cross_sparse_known,0,12,2,2,3999,600,0.82718268317587,-0.0699690264418629,0.0117689019157653,0.0117689019157653,0,0
optimization,sphere,0.0,random_subspace,0,12,2,2,3999,0,0.9989728683745546,-0.0324258910795845,0.0339332722908457,0.0339332722908457,0,0
optimization,sphere,0.0,full_zo,0,12,2,12,3999,0,1.0,-0.0510416849247099,0.0188961701653055,0.0188961701653055,0,0
optimization,sphere,0.0,oracle_subspace,1,12,2,2,3999,0,0.0,-0.0663417417963514,0.0057376798576658,0.0057376798576658,0,1
optimization,sphere,0.0,cross_block_known,1,12,2,2,3999,720,0.396054023409672,-0.0729158597278751,0.0047580623059448,0.0047580623059448,0,1
optimization,sphere,0.0,cross_block_adaptive,1,12,2,2,3999,720,0.181017867205456,-0.0717170895341307,0.0041665945446296,0.0041665945446296,0,1
optimization,sphere,0.0,cross_sparse_known,1,12,2,2,3999,600,0.9949597142357612,-0.0515064885387966,0.0021731088276867,0.0021731088276867,0,1
optimization,sphere,0.0,random_subspace,1,12,2,2,3999,0,0.9868209066443032,-0.0706139870407287,0.0002945037639072,0.0002945037639072,0,1
optimization,sphere,0.0,full_zo,1,12,2,12,3999,0,1.0,-0.0568982201137183,0.0001976990564967,0.0001976990564967,0,1
optimization,sphere,0.02,oracle_subspace,0,12,2,2,3999,0,1.4901161193847656e-08,-0.0121673830734225,0.0596923186511026,0.0596923186511026,0,0
optimization,sphere,0.02,cross_block_known,0,12,2,2,3999,720,0.230475812770749,-0.003162427575134,0.0642191309013077,0.0642191309013077,0,0
optimization,sphere,0.02,cross_block_adaptive,0,12,2,1,3999,720,1.0,0.0264767351212546,0.1008833470537573,0.1008833470537573,0,0
optimization,sphere,0.02,cross_sparse_known,0,12,2,2,3999,600,0.6307027394588812,-0.0070534491538432,0.0640147767224283,0.0640147767224283,0,0
optimization,sphere,0.02,random_subspace,0,12,2,2,3999,0,0.9789363645444084,0.1410581928716553,0.2071385575985894,0.2071385575985894,0,0
optimization,sphere,0.02,full_zo,0,12,2,12,3999,0,1.0,-0.0114157320286029,0.0237666819811514,0.0237666819811514,0,0
optimization,sphere,0.02,oracle_subspace,1,12,2,2,3999,0,2.5809568279517847e-08,-0.0261158613943036,0.0398274595033389,0.0398274595033389,0,1
optimization,sphere,0.02,cross_block_known,1,12,2,2,3999,720,0.3314847274213642,-0.0320586350703979,0.0342936019599482,0.0342936019599482,0,1
optimization,sphere,0.02,cross_block_adaptive,1,12,2,6,3999,720,1.0,-0.00410745393934,0.0279712070142786,0.0279712070142786,0,1
optimization,sphere,0.02,cross_sparse_known,1,12,2,2,3999,600,0.8433391473530601,-0.0256945667897233,0.0411928344494443,0.0411928344494443,0,1
optimization,sphere,0.02,random_subspace,1,12,2,2,3999,0,0.9578086322102828,-0.0267170378704513,0.0503902951497938,0.0503902951497938,0,1
optimization,sphere,0.02,full_zo,1,12,2,12,3999,0,1.0,0.0232856887775586,0.0551959588665509,0.0551959588665509,0,1
optimization,ellipsoid,0.0,oracle_subspace,0,12,2,2,3999,0,1.4901161193847656e-08,0.1138203790147465,0.1284988316474653,0.1284988316474653,0,0
optimization,ellipsoid,0.0,cross_block_known,0,12,2,2,3999,720,0.0902164004192746,0.2088950744806087,0.234559883100774,0.234559883100774,0,0
optimization,ellipsoid,0.0,cross_block_adaptive,0,12,2,1,3999,720,1.0,1.13406970022784,1.1666233911877044,1.1666233911877044,0,0
optimization,ellipsoid,0.0,cross_sparse_known,0,12,2,2,3999,600,0.9853470725632114,0.9600258256883292,0.9774353117175648,0.9774353117175648,0,0
optimization,ellipsoid,0.0,random_subspace,0,12,2,2,3999,0,0.9999959437368828,1.318378958879752,1.3690211712075595,1.3690211712075595,0,0
optimization,ellipsoid,0.0,full_zo,0,12,2,12,3999,0,1.0,0.4748449620592772,0.5026589397964673,0.5026589397964673,0,0
optimization,ellipsoid,0.0,oracle_subspace,1,12,2,2,3999,0,1.4901161193847656e-08,0.2353345246281569,0.2686302525957146,0.2686302525957146,0,1
optimization,ellipsoid,0.0,cross_block_known,1,12,2,2,3999,720,0.2242296647370604,0.9630930451862398,0.9788713122360228,0.9788713122360228,0,1
optimization,ellipsoid,0.0,cross_block_adaptive,1,12,2,1,3999,720,1.0,0.3301054552854959,0.3380002279467535,0.3380002279467535,0,1
optimization,ellipsoid,0.0,cross_sparse_known,1,12,2,2,3999,600,0.947618050051412,0.2612088691891462,0.3126098333157073,0.3126098333157073,0,1
optimization,ellipsoid,0.0,random_subspace,1,12,2,2,3999,0,0.9185099105481502,0.2835713541670129,0.3416757628322422,0.3416757628322422,0,1
optimization,ellipsoid,0.0,full_zo,1,12,2,12,3999,0,1.0,0.1437425634484457,0.1881558275356498,0.1881558275356498,0,1
optimization,ellipsoid,0.02,oracle_subspace,0,12,2,2,3999,0,0.0,0.0072870387240814,0.0519273835987737,0.0519273835987737,0,0
optimization,ellipsoid,0.02,cross_block_known,0,12,2,2,3999,720,0.1877247754011575,-0.0002863151965911,0.0521733589722908,0.0521733589722908,0,0
optimization,ellipsoid,0.02,cross_block_adaptive,0,12,2,1,3999,720,1.0,0.0784778702921413,0.0831896729060515,0.0831896729060515,0,0
optimization,ellipsoid,0.02,cross_sparse_known,0,12,2,2,3999,600,0.9824047216325948,0.0037147425769394,0.0486887055932216,0.0486887055932216,0,0
optimization,ellipsoid,0.02,random_subspace,0,12,2,2,3999,0,0.9998818954075158,0.1819252729324555,0.2327996491473223,0.2327996491473223,0,0
optimization,ellipsoid,0.02,full_zo,0,12,2,12,3999,0,1.0,0.0226407688669379,0.081527243741635,0.081527243741635,0,0
optimization,ellipsoid,0.02,oracle_subspace,1,12,2,2,3999,0,0.0,0.7533534913688676,0.773324331751356,0.773324331751356,0,1
optimization,ellipsoid,0.02,cross_block_known,1,12,2,2,3999,720,0.2150373120540878,0.168208967062708,0.2230282214757939,0.2230282214757939,0,1
optimization,ellipsoid,0.02,cross_block_adaptive,1,12,2,1,3999,720,1.0,0.6339548817331034,0.6755153913600945,0.6755153913600945,0,1
optimization,ellipsoid,0.02,cross_sparse_known,1,12,2,2,3999,600,0.9899690729484008,0.422185492155529,0.4611917649141867,0.4611917649141867,0,1
optimization,ellipsoid,0.02,random_subspace,1,12,2,2,3999,0,0.99719165757543,4.767680639851347,4.827469736512916,4.827469736512916,0,1
optimization,ellipsoid,0.02,full_zo,1,12,2,12,3999,0,1.0,0.482926579224793,0.5084025857125223,0.5084025857125223,0,1
optimization,rastrigin,0.0,oracle_subspace,0,12,2,2,3999,0,2.1073424255447017e-08,0.9960297027194188,1.0047724613058442,1.0047724613058442,0,0
optimization,rastrigin,0.0,cross_block_known,0,12,2,2,3999,720,0.0078276098069662,-0.0018828613225718,0.0069228545963433,0.0069228545963433,0,0
optimization,rastrigin,0.0,cross_block_adaptive,0,12,2,2,3999,720,0.0074342736552169,0.0022014215274605,0.0333489510285964,0.0333489510285964,0,0
optimization,rastrigin,0.0,cross_sparse_known,0,12,2,2,3999,600,0.5160564074165427,-0.0047061076650069,0.0300563516775227,0.0300563516775227,0,0
optimization,rastrigin,0.0,random_subspace,0,12,2,2,3999,0,0.9819810910046968,-0.0571431573546471,0.0036134480926719,0.0036134480926719,0,0
optimization,rastrigin,0.0,full_zo,0,12,2,12,3999,0,1.0,-0.0696384049227379,0.0083821023258607,0.0083821023258607,0,0
optimization,rastrigin,0.0,oracle_subspace,1,12,2,2,3999,0,2.1073424255447017e-08,0.9849740347927298,1.0206599780228771,1.0206599780228771,0,1
optimization,rastrigin,0.0,cross_block_known,1,12,2,2,3999,720,0.0099625863845662,0.962045475866942,1.0036563562709515,1.0036563562709515,0,1
optimization,rastrigin,0.0,cross_block_adaptive,1,12,2,2,3999,720,0.0095564550451257,0.9910185668339128,1.0136763336987895,1.0136763336987895,0,1
optimization,rastrigin,0.0,cross_sparse_known,1,12,2,2,3999,600,0.3885760570512449,0.95919132237928,0.9973609460179348,0.9973609460179348,0,1
optimization,rastrigin,0.0,random_subspace,1,12,2,2,3999,0,0.9989323413213648,0.9219571410370776,1.0052862268293945,1.0052862268293945,0,1
optimization,rastrigin,0.0,full_zo,1,12,2,12,3999,0,1.0,0.9301889895626556,0.99679233365314,0.99679233365314,0,1
optimization,rastrigin,0.02,oracle_subspace,0,12,2,2,3999,0,2.1073424255447017e-08,1.0338546462305662,1.033630458446624,1.033630458446624,0,0
optimization,rastrigin,0.02,cross_block_known,0,12,2,2,3999,720,0.0055866033541556,1.027527414854312,1.0562571825488958,1.0562571825488958,0,0
optimization,rastrigin,0.02,cross_block_adaptive,0,12,2,2,3999,720,0.0087238657320257,1.02271231080182,1.034526069621198,1.034526069621198,0,0
optimization,rastrigin,0.02,cross_sparse_known,0,12,2,2,3999,600,0.2828955221340274,1.031296823916226,1.0578796647764528,1.0578796647764528,0,0
optimization,rastrigin,0.02,random_subspace,0,12,2,2,3999,0,0.9738978891774072,0.9834763838462676,1.0499354951591098,1.0499354951591098,0,0
optimization,rastrigin,0.02,full_zo,0,12,2,12,3999,0,1.0,0.9767461809550276,1.038191742659455,1.038191742659455,0,0
optimization,rastrigin,0.02,oracle_subspace,1,12,2,2,3999,0,0.0,0.0022606046896441,0.0265763502095001,0.0265763502095001,0,1
optimization,rastrigin,0.02,cross_block_known,1,12,2,2,3999,720,0.0053112016672963,-0.0198478224369178,0.0320005230075617,0.0320005230075617,0,1
optimization,rastrigin,0.02,cross_block_adaptive,1,12,2,2,3999,720,0.0072940611760108,-0.0212263766994108,0.0242677721860084,0.0242677721860084,0,1
optimization,rastrigin,0.02,cross_sparse_known,1,12,2,2,3999,600,0.4129486827623073,0.0421526000205907,0.0378546838678357,0.0378546838678357,0,1
optimization,rastrigin,0.02,random_subspace,1,12,2,2,3999,0,0.981097983183583,-0.0215834096037191,0.0317619786733723,0.0317619786733723,0,1
optimization,rastrigin,0.02,full_zo,1,12,2,12,3999,0,1.0,-0.0528861352919187,0.0337419939572373,0.0337419939572373,0,1
optimization,rosenbrock,0.0,oracle_subspace,0,12,2,2,3999,0,0.0,-0.0189199632449526,0.0304601829084376,0.0304601829084376,0,0
optimization,rosenbrock,0.0,cross_block_known,0,12,2,2,3999,720,0.0031196301624641,-0.0383935020061882,0.0252870318144484,0.0252870318144484,0,0
optimization,rosenbrock,0.0,cross_block_adaptive,0,12,2,1,3999,720,1.0,0.0569701651382313,0.0927208595728089,0.0927208595728089,0,0
optimization,rosenbrock,0.0,cross_sparse_known,0,12,2,2,3999,600,0.9570139191645136,0.027562975093954,0.0721367944814002,0.0721367944814002,0,0
optimization,rosenbrock,0.0,random_subspace,0,12,2,2,3999,0,0.9638405551068294,-0.0297486992466021,0.0423377676491235,0.0423377676491235,0,0
optimization,rosenbrock,0.0,full_zo,0,12,2,12,3999,0,1.0,-0.0524158134599051,0.0221973004001027,0.0221973004001027,0,0
optimization,rosenbrock,0.0,oracle_subspace,1,12,2,2,3999,0,2.1073424255447017e-08,0.0164599709086204,0.0616945322098422,0.0616945322098422,0,1
optimization,rosenbrock,0.0,cross_block_known,1,12,2,2,3999,720,0.002748210864997,0.0543589860234641,0.0908862877510495,0.0908862877510495,0,1
optimization,rosenbrock,0.0,cross_block_adaptive,1,12,2,2,3999,720,0.0011942166335489,0.0474070230081792,0.0959493453444887,0.0959493453444887,0,1
optimization,rosenbrock,0.0,cross_sparse_known,1,12,2,2,3999,600,0.9993782547920104,3.398563837931356,3.428155579400381,3.428155579400381,0,1
optimization,rosenbrock,0.0,random_subspace,1,12,2,2,3999,0,0.9875032958237084,0.1884816599709735,0.2539277489787868,0.2539277489787868,0,1
optimization,rosenbrock,0.0,full_zo,1,12,2,12,3999,0,1.0,0.0188812270186478,0.0811594508094664,0.0811594508094664,0,1
optimization,rosenbrock,0.02,oracle_subspace,0,12,2,2,3999,0,0.0,0.3928228207632913,0.4154630696084284,0.4154630696084284,0,0
optimization,rosenbrock,0.02,cross_block_known,0,12,2,2,3999,720,0.0013438947216212,0.599464905879212,0.6519398537559686,0.6519398537559686,0,0
optimization,rosenbrock,0.02,cross_block_adaptive,0,12,2,1,3999,720,1.0,36.70967581076189,36.73552017880915,36.73552017880915,0,0
optimization,rosenbrock,0.02,cross_sparse_known,0,12,2,2,3999,600,0.9958088337697466,2.2203610233354283,2.23782128849837,2.23782128849837,0,0
optimization,rosenbrock,0.02,random_subspace,0,12,2,2,3999,0,0.993679599763907,0.7055909267685999,0.7587948698358101,0.7587948698358101,0,0
optimization,rosenbrock,0.02,full_zo,0,12,2,12,3999,0,1.0,0.3382140798484301,0.4008634773955367,0.4008634773955367,0,0
optimization,rosenbrock,0.02,oracle_subspace,1,12,2,2,3999,0,0.0,0.0369168817647164,0.0813777503135433,0.0813777503135433,0,1
optimization,rosenbrock,0.02,cross_block_known,1,12,2,2,3999,720,0.0022456862923433,0.0488000363836728,0.1061821817365165,0.1061821817365165,0,1
optimization,rosenbrock,0.02,cross_block_adaptive,1,12,2,2,3999,720,0.0028395770830939,0.0869050505438446,0.1187103870960657,0.1187103870960657,0,1
optimization,rosenbrock,0.02,cross_sparse_known,1,12,2,2,3999,600,0.915749725215384,0.2452137432545146,0.2725741894591985,0.2725741894591985,0,1
optimization,rosenbrock,0.02,random_subspace,1,12,2,2,3999,0,0.9946929259803994,1.3172703528456573,1.355528318378398,1.355528318378398,0,1
optimization,rosenbrock,0.02,full_zo,1,12,2,12,3999,0,1.0,0.0563807737453188,0.0970795641573992,0.0970795641573992,0,1
optimization,sphere,0.0,oracle_subspace,0,12,2,2,3999,0,2.5809568279517847e-08,-0.0613200300505597,0.0015986267606641,0.0015986267606641,1,2
optimization,sphere,0.0,cross_block_known,0,12,2,2,3999,720,0.3023946746024429,-0.0616881691128764,0.0055830782416457,0.0055830782416457,1,2
optimization,sphere,0.0,cross_block_adaptive,0,12,2,6,3999,720,1.0,-0.0628595446164256,0.0064631950232073,0.0064631950232073,1,2
optimization,sphere,0.0,cross_sparse_known,0,12,2,2,3999,600,0.7096105021198446,-0.0646440323987237,0.0022820177127346,0.0022820177127346,1,2
optimization,sphere,0.0,random_subspace,0,12,2,2,3999,0,0.9891382031743124,-0.0764446041882096,0.0031397220305609,0.0031397220305609,1,2
optimization,sphere,0.0,full_zo,0,12,2,12,3999,0,1.0,-0.0468237443709124,0.0002673081464808,0.0002673081464808,1,2
optimization,sphere,0.0,oracle_subspace,1,12,2,2,3999,0,2.1073424255447017e-08,-0.0566491219755925,0.0043103969175458,0.0043103969175458,1,3
optimization,sphere,0.0,cross_block_known,1,12,2,2,3999,720,0.2237481021342398,-0.0796446346015412,0.0045100842709771,0.0045100842709771,1,3
optimization,sphere,0.0,cross_block_adaptive,1,12,2,7,3999,720,1.0,-0.0613157267322068,0.007489941368447,0.007489941368447,1,3
optimization,sphere,0.0,cross_sparse_known,1,12,2,2,3999,600,0.7378971428218881,-0.0638621247831542,0.0027149325574306,0.0027149325574306,1,3
optimization,sphere,0.0,random_subspace,1,12,2,2,3999,0,0.9932332001888684,-0.0600889459126202,0.0079781482508921,0.0079781482508921,1,3
optimization,sphere,0.0,full_zo,1,12,2,12,3999,0,1.0,-0.0516130760691791,0.0021979839737394,0.0021979839737394,1,3
optimization,sphere,0.02,oracle_subspace,0,12,2,2,3999,0,0.0,-0.036276008550405,0.0386746501240341,0.0386746501240341,1,2
optimization,sphere,0.02,cross_block_known,0,12,2,2,3999,720,0.4175663994191432,-0.0372429299095467,0.0330145614117078,0.0330145614117078,1,2
optimization,sphere,0.02,cross_block_adaptive,0,12,2,2,3999,720,0.3244889003624973,-0.0355510714844117,0.0313994729502057,0.0313994729502057,1,2
optimization,sphere,0.02,cross_sparse_known,0,12,2,2,3999,600,0.7711716773418744,-0.0262486810595999,0.0331614599227298,0.0331614599227298,1,2
optimization,sphere,0.02,random_subspace,0,12,2,2,3999,0,0.9760021728059683,-0.0147620672767301,0.0442616417663493,0.0442616417663493,1,2
optimization,sphere,0.02,full_zo,0,12,2,12,3999,0,1.0,-0.0064776663695478,0.0470669076249817,0.0470669076249817,1,2
optimization,sphere,0.02,oracle_subspace,1,12,2,2,3999,0,3.9424766765007245e-08,-0.0408484218384741,0.0435187136742698,0.0435187136742698,1,3
optimization,sphere,0.02,cross_block_known,1,12,2,2,3999,720,0.2824152960516781,-0.020204039648321,0.0467107292922537,0.0467107292922537,1,3
optimization,sphere,0.02,cross_block_adaptive,1,12,2,7,3999,720,1.0,-0.0348428412477571,0.0306182192001996,0.0306182192001996,1,3
optimization,sphere,0.02,cross_sparse_known,1,12,2,2,3999,600,0.6116448018760773,-0.0262465313081713,0.0470433642108497,0.0470433642108497,1,3
optimization,sphere,0.02,random_subspace,1,12,2,2,3999,0,0.9968534337860888,-0.012760630141585,0.0619368846107862,0.0619368846107862,1,3
optimization,sphere,0.02,full_zo,1,12,2,12,3999,0,1.0,-0.022477908442011,0.0364195435828514,0.0364195435828514,1,3
optimization,ellipsoid,0.0,oracle_subspace,0,12,2,2,3999,0,0.0,0.1399631941663299,0.1800736410512696,0.1800736410512696,1,2
optimization,ellipsoid,0.0,cross_block_known,0,12,2,2,3999,720,0.2717720668213002,0.289942092811992,0.3261521477629302,0.3261521477629302,1,2
optimization,ellipsoid,0.0,cross_block_adaptive,0,12,2,1,3999,720,1.0,0.3682700376313069,0.3812038767803254,0.3812038767803254,1,2
optimization,ellipsoid,0.0,cross_sparse_known,0,12,2,2,3999,600,0.980071119550612,0.2720695716972766,0.3084991754000002,0.3084991754000002,1,2
optimization,ellipsoid,0.0,random_subspace,0,12,2,2,3999,0,0.8755362884196528,0.2111215673342386,0.2453508237943255,0.2453508237943255,1,2
optimization,ellipsoid,0.0,full_zo,0,12,2,12,3999,0,1.0,0.2572914742610494,0.3102028830909937,0.3102028830909937,1,2
optimization,ellipsoid,0.0,oracle_subspace,1,12,2,2,3999,0,2.1073424255447017e-08,0.2246195795211493,0.2455293529888407,0.2455293529888407,1,3
optimization,ellipsoid,0.0,cross_block_known,1,12,2,2,3999,720,0.1915732177514971,-0.0159634094693954,0.0289990272032545,0.0289990272032545,1,3
optimization,ellipsoid,0.0,cross_block_adaptive,1,12,2,1,3999,720,1.0,0.0965321598642693,0.1148420525449633,0.1148420525449633,1,3
optimization,ellipsoid,0.0,cross_sparse_known,1,12,2,2,3999,600,0.927462759642818,0.1422317355733743,0.1946156401484098,0.1946156401484098,1,3
optimization,ellipsoid,0.0,random_subspace,1,12,2,2,3999,0,0.9999979297550088,0.5602818128860164,0.6081399188937707,0.6081399188937707,1,3
optimization,ellipsoid,0.0,full_zo,1,12,2,12,3999,0,1.0,0.0358186199991908,0.0947417618708978,0.0947417618708978,1,3
optimization,ellipsoid,0.02,oracle_subspace,0,12,2,2,3999,0,1.4901161193847656e-08,0.0235697833840673,0.0744218345523849,0.0744218345523849,1,2
optimization,ellipsoid,0.02,cross_block_known,0,12,2,2,3999,720,0.2010736630077535,0.1167140321750503,0.166337797582976,0.166337797582976,1,2
optimization,ellipsoid,0.02,cross_block_adaptive,0,12,2,1,3999,720,1.0,0.1765545225125472,0.2257834793092358,0.2257834793092358,1,2
optimization,ellipsoid,0.02,cross_sparse_known,0,12,2,2,3999,600,0.9164768328425068,0.1327993210382644,0.1689017559277703,0.1689017559277703,1,2
optimization,ellipsoid,0.02,random_subspace,0,12,2,2,3999,0,0.98453626944269,0.2807647079952721,0.3422621279050213,0.3422621279050213,1,2
optimization,ellipsoid,0.02,full_zo,0,12,2,12,3999,0,1.0,-0.0229232485769368,0.0383159949169902,0.0383159949169902,1,2
optimization,ellipsoid,0.02,oracle_subspace,1,12,2,2,3999,0,2.1073424255447017e-08,0.0748097716800282,0.111216406884244,0.111216406884244,1,3
optimization,ellipsoid,0.02,cross_block_known,1,12,2,2,3999,720,0.2475984091051609,0.0503373067373386,0.0987165907913404,0.0987165907913404,1,3
optimization,ellipsoid,0.02,cross_block_adaptive,1,12,2,1,3999,720,1.0,0.1891810205605016,0.2015123280099778,0.2015123280099778,1,3
optimization,ellipsoid,0.02,cross_sparse_known,1,12,2,2,3999,600,0.9336657672632376,0.2284867518637522,0.2552095729075292,0.2552095729075292,1,3
optimization,ellipsoid,0.02,random_subspace,1,12,2,2,3999,0,0.9816094473170436,0.0975355243786174,0.1608741607307219,0.1608741607307219,1,3
optimization,ellipsoid,0.02,full_zo,1,12,2,12,3999,0,1.0,0.185784958267859,0.2208138704756467,0.2208138704756467,1,3
optimization,rastrigin,0.0,oracle_subspace,0,12,2,2,3999,0,0.0,0.9821970309585544,1.0081505079947348,1.0081505079947348,1,2
optimization,rastrigin,0.0,cross_block_known,0,12,2,2,3999,720,0.0102895119346106,0.9939933752960254,1.0274970579046323,1.0274970579046323,1,2
optimization,rastrigin,0.0,cross_block_adaptive,0,12,2,2,3999,720,0.005602185523868,0.983025127576956,1.0274418301447064,1.0274418301447064,1,2
optimization,rastrigin,0.0,cross_sparse_known,0,12,2,2,3999,600,0.3137724833716369,0.9653666762912002,0.9966179984820228,0.9966179984820228,1,2
optimization,rastrigin,0.0,random_subspace,0,12,2,2,3999,0,0.9883243076760982,0.9358408633341408,1.0151018501925364,1.0151018501925364,1,2
optimization,rastrigin,0.0,full_zo,0,12,2,12,3999,0,1.0,0.9368642807095032,1.0050790432050931,1.0050790432050931,1,2
optimization,rastrigin,0.0,oracle_subspace,1,12,2,2,3999,0,2.1073424255447017e-08,1.9824489691252805,2.0169027815825764,2.0169027815825764,1,3
optimization,rastrigin,0.0,cross_block_known,1,12,2,2,3999,720,0.005559628005231,1.986404178777799,1.9913452259365307,1.9913452259365307,1,3
optimization,rastrigin,0.0,cross_block_adaptive,1,12,2,2,3999,720,0.0082210165781884,1.983509769000087,1.9973558699744665,1.9973558699744665,1,3
optimization,rastrigin,0.0,cross_sparse_known,1,12,2,2,3999,600,0.518647220341299,1.9758403458636649,2.0202947397757427,2.0202947397757427,1,3
optimization,rastrigin,0.0,random_subspace,1,12,2,2,3999,0,0.9905798842777572,1.9350631594074343,1.992684122368907,1.992684122368907,1,3
optimization,rastrigin,0.0,full_zo,1,12,2,12,3999,0,1.0,1.9248489137707023,1.9949811081115243,1.9949811081115243,1,3
optimization,rastrigin,0.02,oracle_subspace,0,12,2,2,3999,0,0.0,0.0014327601234639,0.0357165378207008,0.0357165378207008,1,2
optimization,rastrigin,0.02,cross_block_known,0,12,2,2,3999,720,0.0067389293002519,0.0513867351090677,0.0823475573713553,0.0823475573713553,1,2
optimization,rastrigin,0.02,cross_block_adaptive,0,12,2,2,3999,720,0.0093679015285706,-0.0068370116922252,0.0451251609150902,0.0451251609150902,1,2
optimization,rastrigin,0.02,cross_sparse_known,0,12,2,2,3999,600,0.3868869746936746,0.0100536427042398,0.0398170139341482,0.0398170139341482,1,2
optimization,rastrigin,0.02,random_subspace,0,12,2,2,3999,0,0.9966178636752684,0.1489113298239657,0.2046303757552151,0.2046303757552151,1,2
optimization,rastrigin,0.02,full_zo,0,12,2,12,3999,0,1.0,-0.0382146384096236,0.0277905791687186,0.0277905791687186,1,2
optimization,rastrigin,0.02,oracle_subspace,1,12,2,2,3999,0,0.0,0.0333880261592495,0.0401336596096509,0.0401336596096509,1,3
optimization,rastrigin,0.02,cross_block_known,1,12,2,2,3999,720,0.0089989067960129,0.0291189312146901,0.0475185196577477,0.0475185196577477,1,3
optimization,rastrigin,0.02,cross_block_adaptive,1,12,2,2,3999,720,0.0087348183056601,0.0392233229051345,0.0590498981579999,0.0590498981579999,1,3
optimization,rastrigin,0.02,cross_sparse_known,1,12,2,2,3999,600,0.4548798407992214,0.0156987381588194,0.0391577457966704,0.0391577457966704,1,3
optimization,rastrigin,0.02,random_subspace,1,12,2,2,3999,0,0.9087258015362194,0.0033014528689013,0.0757910941400441,0.0757910941400441,1,3
optimization,rastrigin,0.02,full_zo,1,12,2,12,3999,0,1.0,-0.0317024378030422,0.0213374449169446,0.0213374449169446,1,3
optimization,rosenbrock,0.0,oracle_subspace,0,12,2,2,3999,0,2.1073424255447017e-08,-0.0125740074952019,0.0394801601979174,0.0394801601979174,1,2
optimization,rosenbrock,0.0,cross_block_known,0,12,2,2,3999,720,0.0023900315301954,0.0166949337341158,0.0620091693195719,0.0620091693195719,1,2
optimization,rosenbrock,0.0,cross_block_adaptive,0,12,2,1,3999,720,1.0,1.3655961665735776,1.4283187047119537,1.4283187047119537,1,2
optimization,rosenbrock,0.0,cross_sparse_known,0,12,2,2,3999,600,0.9437584428560928,0.140580378407911,0.1800711447876062,0.1800711447876062,1,2
optimization,rosenbrock,0.0,random_subspace,0,12,2,2,3999,0,0.9990097219051524,0.969095187596246,1.0241503916749068,1.0241503916749068,1,2
optimization,rosenbrock,0.0,full_zo,0,12,2,12,3999,0,1.0,-0.0033058650018468,0.0294269903611699,0.0294269903611699,1,2
optimization,rosenbrock,0.0,oracle_subspace,1,12,2,2,3999,0,2.1073424255447017e-08,0.1204506604278376,0.1598059418074509,0.1598059418074509,1,3
optimization,rosenbrock,0.0,cross_block_known,1,12,2,2,3999,720,0.0012063374689483,0.1947232383893537,0.2502255403878582,0.2502255403878582,1,3
optimization,rosenbrock,0.0,cross_block_adaptive,1,12,2,2,3999,720,0.0014050194268784,0.173790764219275,0.1933314687659824,0.1933314687659824,1,3
optimization,rosenbrock,0.0,cross_sparse_known,1,12,2,2,3999,600,0.518559333784237,0.203626194954046,0.2554660160789794,0.2554660160789794,1,3
optimization,rosenbrock,0.0,random_subspace,1,12,2,2,3999,0,0.9893023302515336,0.6524174924074706,0.7170154138244349,0.7170154138244349,1,3
optimization,rosenbrock,0.0,full_zo,1,12,2,12,3999,0,1.0,0.1184257588112537,0.1449461297022175,0.1449461297022175,1,3
optimization,rosenbrock,0.02,oracle_subspace,0,12,2,2,3999,0,0.0,-0.0015592430104147,0.0538817799421935,0.0538817799421935,1,2
optimization,rosenbrock,0.02,cross_block_known,0,12,2,2,3999,720,0.0020950612989403,0.0122185665376179,0.0581216893299144,0.0581216893299144,1,2
optimization,rosenbrock,0.02,cross_block_adaptive,0,12,2,2,3999,720,0.0024813230577633,0.0216316954547803,0.0613853552257689,0.0613853552257689,1,2
optimization,rosenbrock,0.02,cross_sparse_known,0,12,2,2,3999,600,0.9583192737898476,0.0298183850788009,0.0892935833422913,0.0892935833422913,1,2
optimization,rosenbrock,0.02,random_subspace,0,12,2,2,3999,0,0.999895672395808,1.386849590236367,1.4437429465372789,1.4437429465372789,1,2
optimization,rosenbrock,0.02,full_zo,0,12,2,12,3999,0,1.0,-0.0102287274850183,0.0468908181530289,0.0468908181530289,1,2
optimization,rosenbrock,0.02,oracle_subspace,1,12,2,2,3999,0,2.5809568279517847e-08,0.0577058437400464,0.1054216962121204,0.1054216962121204,1,3
optimization,rosenbrock,0.02,cross_block_known,1,12,2,2,3999,720,0.0023694250061992,0.1038398862525091,0.1343631691253584,0.1343631691253584,1,3
optimization,rosenbrock,0.02,cross_block_adaptive,1,12,2,2,3999,720,0.0024825608295903,0.0596298750958617,0.1074719315991232,0.1074719315991232,1,3
optimization,rosenbrock,0.02,cross_sparse_known,1,12,2,2,3999,600,0.9811828035975784,0.544043563803656,0.576745352210991,0.576745352210991,1,3
optimization,rosenbrock,0.02,random_subspace,1,12,2,2,3999,0,0.9812543161712788,0.2446737327940713,0.2969282933245863,0.2969282933245863,1,3
optimization,rosenbrock,0.02,full_zo,1,12,2,12,3999,0,1.0,0.0312901248263932,0.1023843297058627,0.1023843297058627,1,3
optimization,sphere,0.0,oracle_subspace,0,12,2,2,3999,0,2.1073424255447017e-08,-0.0737087788135803,0.0018939907242718,0.0018939907242718,2,4
optimization,sphere,0.0,cross_block_known,0,12,2,2,3999,720,0.2698902559510563,-0.0681340575726088,0.0015560197400211,0.0015560197400211,2,4
optimization,sphere,0.0,cross_block_adaptive,0,12,2,6,3999,720,1.0,-0.054988987115625,0.0004635116642981,0.0004635116642981,2,4
optimization,sphere,0.0,cross_sparse_known,0,12,2,2,3999,600,0.9370093191928156,-0.071842439559491,0.0017031328093588,0.0017031328093588,2,4
optimization,sphere,0.0,random_subspace,0,12,2,2,3999,0,0.9997474889733524,-0.0647006219061094,0.0048740588947347,0.0048740588947347,2,4
optimization,sphere,0.0,full_zo,0,12,2,12,3999,0,1.0,-0.0546987311749187,0.0013656530878272,0.0013656530878272,2,4
optimization,sphere,0.0,oracle_subspace,1,12,2,2,3999,0,1.4901161193847656e-08,-0.0759670796573079,0.0001456930215109,0.0001456930215109,2,5
optimization,sphere,0.0,cross_block_known,1,12,2,2,3999,720,0.3889236404425411,-0.0642928476643447,0.0102686783687946,0.0102686783687946,2,5
optimization,sphere,0.0,cross_block_adaptive,1,12,2,6,3999,720,1.0,-0.0638537621884395,0.001247796830662,0.001247796830662,2,5
optimization,sphere,0.0,cross_sparse_known,1,12,2,2,3999,600,0.5421443461226975,-0.07215733422978,0.0024607675312326,0.0024607675312326,2,5
optimization,sphere,0.0,random_subspace,1,12,2,2,3999,0,0.9999985946443344,0.0283647110270087,0.0966935528729262,0.0966935528729262,2,5
optimization,sphere,0.0,full_zo,1,12,2,12,3999,0,1.0,-0.0730518692119591,0.0097926121054501,0.0097926121054501,2,5
optimization,sphere,0.02,oracle_subspace,0,12,2,2,3999,0,1.4901161193847656e-08,-0.0447087346305207,0.0261520394116426,0.0261520394116426,2,4
optimization,sphere,0.02,cross_block_known,0,12,2,2,3999,720,0.1941534579974283,-0.0487191087056835,0.0325620240796057,0.0325620240796057,2,4
optimization,sphere,0.02,cross_block_adaptive,0,12,2,2,3999,720,0.1646965484256555,-0.0342824744364978,0.0326119961708484,0.0326119961708484,2,4
optimization,sphere,0.02,cross_sparse_known,0,12,2,2,3999,600,0.996719114216871,-0.0150795648893702,0.0553192288259191,0.0553192288259191,2,4
optimization,sphere,0.02,random_subspace,0,12,2,2,3999,0,0.99609675017344,0.5246162965034695,0.5883019644550742,0.5883019644550742,2,4
optimization,sphere,0.02,full_zo,0,12,2,12,3999,0,1.0,0.0016867250065665,0.0428670997419476,0.0428670997419476,2,4
optimization,sphere,0.02,oracle_subspace,1,12,2,2,3999,0,0.0,-0.0253650112844054,0.0348469897000417,0.0348469897000417,2,5
optimization,sphere,0.02,cross_block_known,1,12,2,2,3999,720,0.2934448958916406,-0.0338072974958235,0.033545395354416,0.033545395354416,2,5
optimization,sphere,0.02,cross_block_adaptive,1,12,2,6,3999,720,1.0,-0.0150777768623718,0.0523578773395338,0.0523578773395338,2,5
optimization,sphere,0.02,cross_sparse_known,1,12,2,2,3999,600,0.8092094187914186,-0.0320915946790762,0.0333798655200939,0.0333798655200939,2,5
optimization,sphere,0.02,random_subspace,1,12,2,2,3999,0,0.9985720853065756,0.120939556922276,0.1810666726085205,0.1810666726085205,2,5
optimization,sphere,0.02,full_zo,1,12,2,12,3999,0,1.0,-0.0062783224127539,0.0504010764407724,0.0504010764407724,2,5
optimization,ellipsoid,0.0,oracle_subspace,0,12,2,2,3999,0,2.5809568279517847e-08,1.892993066620495,1.8815599772538387,1.8815599772538387,2,4
optimization,ellipsoid,0.0,cross_block_known,0,12,2,2,3999,720,0.0930838384162441,1.423730357842609,1.4811244669273842,1.4811244669273842,2,4
optimization,ellipsoid,0.0,cross_block_adaptive,0,12,2,1,3999,720,1.0,2.3983586369990904,2.417240060608834,2.417240060608834,2,4
optimization,ellipsoid,0.0,cross_sparse_known,0,12,2,2,3999,600,0.971381147454906,2.1956162909047485,2.2348912188391417,2.2348912188391417,2,4
optimization,ellipsoid,0.0,random_subspace,0,12,2,2,3999,0,0.951449905940398,1.330089784203651,1.3650611293733157,1.3650611293733157,2,4
optimization,ellipsoid,0.0,full_zo,0,12,2,12,3999,0,1.0,1.0712384848620344,1.0865961448892816,1.0865961448892816,2,4
optimization,ellipsoid,0.0,oracle_subspace,1,12,2,2,3999,0,0.0,0.6363344668796974,0.6759443554113334,0.6759443554113334,2,5
optimization,ellipsoid,0.0,cross_block_known,1,12,2,2,3999,720,0.2890514524264284,1.0501218435342214,1.1013844064288745,1.1013844064288745,2,5
optimization,ellipsoid,0.0,cross_block_adaptive,1,12,2,1,3999,720,1.0,0.5308910379541208,0.5649397555590802,0.5649397555590802,2,5
optimization,ellipsoid,0.0,cross_sparse_known,1,12,2,2,3999,600,0.9257738392788438,0.3137797000785601,0.3440043884376925,0.3440043884376925,2,5
optimization,ellipsoid,0.0,random_subspace,1,12,2,2,3999,0,0.995856401307578,0.3283611159931643,0.3738672596543621,0.3738672596543621,2,5
optimization,ellipsoid,0.0,full_zo,1,12,2,12,3999,0,1.0,0.1611199495062682,0.2042205710787551,0.2042205710787551,2,5
optimization,ellipsoid,0.02,oracle_subspace,0,12,2,2,3999,0,2.1073424255447017e-08,0.082660629040294,0.1220219639649312,0.1220219639649312,2,4
optimization,ellipsoid,0.02,cross_block_known,0,12,2,2,3999,720,0.129649169678971,0.0281657400419582,0.0765202369779868,0.0765202369779868,2,4
optimization,ellipsoid,0.02,cross_block_adaptive,0,12,2,1,3999,720,1.0,0.2645313821977051,0.2793833506271183,0.2793833506271183,2,4
optimization,ellipsoid,0.02,cross_sparse_known,0,12,2,2,3999,600,0.9349548265085608,0.2229359300052751,0.2807622741503586,0.2807622741503586,2,4
optimization,ellipsoid,0.02,random_subspace,0,12,2,2,3999,0,0.992951569249657,0.0397014214491407,0.105516087041168,0.105516087041168,2,4
optimization,ellipsoid,0.02,full_zo,0,12,2,12,3999,0,1.0,0.1632311832616263,0.2191674448746045,0.2191674448746045,2,4
optimization,ellipsoid,0.02,oracle_subspace,1,12,2,2,3999,0,1.4901161193847656e-08,0.0541723678297841,0.0958066160836005,0.0958066160836005,2,5
optimization,ellipsoid,0.02,cross_block_known,1,12,2,2,3999,720,0.1551175115298554,0.0470752561144442,0.0774048540629356,0.0774048540629356,2,5
optimization,ellipsoid,0.02,cross_block_adaptive,1,12,2,1,3999,720,1.0,0.2054334853545628,0.2076080635600674,0.2076080635600674,2,5
optimization,ellipsoid,0.02,cross_sparse_known,1,12,2,2,3999,600,0.9751913224545968,0.1412319141306047,0.1898455773887791,0.1898455773887791,2,5
optimization,ellipsoid,0.02,random_subspace,1,12,2,2,3999,0,0.99618659014307,0.564840501316905,0.6189001774618252,0.6189001774618252,2,5
optimization,ellipsoid,0.02,full_zo,1,12,2,12,3999,0,1.0,0.3802348730750755,0.4263285472593499,0.4263285472593499,2,5
optimization,rastrigin,0.0,oracle_subspace,0,12,2,2,3999,0,2.5809568279517847e-08,-0.012586940873014,0.0068120071014199,0.0068120071014199,2,4
optimization,rastrigin,0.0,cross_block_known,0,12,2,2,3999,720,0.009010084933985,-0.0005595054383767,0.0220743479745877,0.0220743479745877,2,4
optimization,rastrigin,0.0,cross_block_adaptive,0,12,2,2,3999,720,0.0049228753559432,-0.0073429174278944,0.0104806479914145,0.0104806479914145,2,4
optimization,rastrigin,0.0,cross_sparse_known,0,12,2,2,3999,600,0.3821236218441714,-0.0194210561923752,0.0240025298725257,0.0240025298725257,2,4
optimization,rastrigin,0.0,random_subspace,0,12,2,2,3999,0,0.9922912926349728,-0.0597905111860528,0.0144599513209158,0.0144599513209158,2,4
optimization,rastrigin,0.0,full_zo,0,12,2,12,3999,0,1.0,-0.0541982629980539,0.0024618319304288,0.0024618319304288,2,4
optimization,rastrigin,0.0,oracle_subspace,1,12,2,2,3999,0,0.0,-0.0314100932704017,0.0076737166279059,0.0076737166279059,2,5
optimization,rastrigin,0.0,cross_block_known,1,12,2,2,3999,720,0.0110110007445813,-0.0168193720921942,0.0526444509456851,0.0526444509456851,2,5
optimization,rastrigin,0.0,cross_block_adaptive,1,12,2,2,3999,720,0.0076708523527747,-0.0243480190168107,0.0143867243070019,0.0143867243070019,2,5
optimization,rastrigin,0.0,cross_sparse_known,1,12,2,2,3999,600,0.4162358949732262,-0.0402673999790325,0.0023640258668535,0.0023640258668535,2,5
optimization,rastrigin,0.0,random_subspace,1,12,2,2,3999,0,0.98131443110572,-0.0785855739715483,0.0035392773968823,0.0035392773968823,2,5
optimization,rastrigin,0.0,full_zo,1,12,2,12,3999,0,1.0,-0.0682679174915526,0.0167000154382463,0.0167000154382463,2,5
optimization,rastrigin,0.02,oracle_subspace,0,12,2,2,3999,0,0.0,-0.005902998877421,0.0317887700096001,0.0317887700096001,2,4
optimization,rastrigin,0.02,cross_block_known,0,12,2,2,3999,720,0.0089365579443411,0.0027610224667787,0.0388750653725345,0.0388750653725345,2,4
optimization,rastrigin,0.02,cross_block_adaptive,0,12,2,2,3999,720,0.0074005027316469,0.9876213545576636,1.0173428274525835,1.0173428274525835,2,4
optimization,rastrigin,0.02,cross_sparse_known,0,12,2,2,3999,600,0.4099669047897528,0.0095394604622391,0.0383464330802095,0.0383464330802095,2,4
optimization,rastrigin,0.02,random_subspace,0,12,2,2,3999,0,0.949930930249029,-0.0182787929035605,0.0428908366212307,0.0428908366212307,2,4
optimization,rastrigin,0.02,full_zo,0,12,2,12,3999,0,1.0,-0.0275380007471464,0.034695082141333,0.034695082141333,2,4
optimization,rastrigin,0.02,oracle_subspace,1,12,2,2,3999,0,1.4901161193847656e-08,0.0268492534332009,0.0516815532161944,0.0516815532161944,2,5
optimization,rastrigin,0.02,cross_block_known,1,12,2,2,3999,720,0.0070953428048552,1.046810462228967,1.0571439816835155,1.0571439816835155,2,5
optimization,rastrigin,0.02,cross_block_adaptive,1,12,2,2,3999,720,0.006254825286513,1.027816870181977,1.0775441178269214,1.0775441178269214,2,5
optimization,rastrigin,0.02,cross_sparse_known,1,12,2,2,3999,600,0.41002944678142,1.0187891282391306,1.048513213779851,1.048513213779851,2,5
optimization,rastrigin,0.02,random_subspace,1,12,2,2,3999,0,0.9896694834188584,1.0990803889718292,1.1604647023024444,1.1604647023024444,2,5
optimization,rastrigin,0.02,full_zo,1,12,2,12,3999,0,1.0,0.0194243607800086,0.0715829767779756,0.0715829767779756,2,5
optimization,rosenbrock,0.0,oracle_subspace,0,12,2,2,3999,0,0.0,-0.0427723607623604,0.0078214497916243,0.0078214497916243,2,4
optimization,rosenbrock,0.0,cross_block_known,0,12,2,2,3999,720,0.0040964993296141,-0.0349429669143512,0.0113383800485052,0.0113383800485052,2,4
optimization,rosenbrock,0.0,cross_block_adaptive,0,12,2,2,3999,720,0.0035691038525385,-0.0389552697934181,0.0094266144070642,0.0094266144070642,2,4
optimization,rosenbrock,0.0,cross_sparse_known,0,12,2,2,3999,600,0.9969927519570142,0.4183198118044015,0.4570655941155346,0.4570655941155346,2,4
optimization,rosenbrock,0.0,random_subspace,0,12,2,2,3999,0,0.9761815980244758,0.1760439854594933,0.2198544630028578,0.2198544630028578,2,4
optimization,rosenbrock,0.0,full_zo,0,12,2,12,3999,0,1.0,-0.0404083826121755,0.017208917078689,0.017208917078689,2,4
optimization,rosenbrock,0.0,oracle_subspace,1,12,2,2,3999,0,0.0,0.0408484945053309,0.0741191985790073,0.0741191985790073,2,5
optimization,rosenbrock,0.0,cross_block_known,1,12,2,2,3999,720,0.004748140836798,0.0697842876823994,0.126521845246928,0.126521845246928,2,5
optimization,rosenbrock,0.0,cross_block_adaptive,1,12,2,2,3999,720,0.0038978465781998,0.081173009004547,0.116719193851293,0.116719193851293,2,5
optimization,rosenbrock,0.0,cross_sparse_known,1,12,2,2,3999,600,0.5651896231540382,0.0954114080226933,0.1522777958025543,0.1522777958025543,2,5
optimization,rosenbrock,0.0,random_subspace,1,12,2,2,3999,0,0.9996857503545896,0.4212066489755183,0.4879956695593815,0.4879956695593815,2,5
optimization,rosenbrock,0.0,full_zo,1,12,2,12,3999,0,1.0,0.0271072952664694,0.0725776528884865,0.0725776528884865,2,5
optimization,rosenbrock,0.02,oracle_subspace,0,12,2,2,3999,0,1.4901161193847656e-08,0.0130359830122864,0.0605622816220525,0.0605622816220525,2,4
optimization,rosenbrock,0.02,cross_block_known,0,12,2,2,3999,720,0.0041575945407866,-0.0022230992570386,0.073716163604735,0.073716163604735,2,4
optimization,rosenbrock,0.02,cross_block_adaptive,0,12,2,1,3999,720,1.0,0.2164385424337571,0.2518131969476122,0.2518131969476122,2,4
optimization,rosenbrock,0.02,cross_sparse_known,0,12,2,2,3999,600,0.9739823064905088,0.1395147076051991,0.1953280156933968,0.1953280156933968,2,4
optimization,rosenbrock,0.02,random_subspace,0,12,2,2,3999,0,0.9952309111640364,0.194425947801638,0.2596408075109753,0.2596408075109753,2,4
optimization,rosenbrock,0.02,full_zo,0,12,2,12,3999,0,1.0,0.0106989511261086,0.0601687463446587,0.0601687463446587,2,4
optimization,rosenbrock,0.02,oracle_subspace,1,12,2,2,3999,0,1.4901161193847656e-08,0.1567835042984214,0.1888709088152885,0.1888709088152885,2,5
optimization,rosenbrock,0.02,cross_block_known,1,12,2,2,3999,720,0.002284857681184,0.3078460087539457,0.3287228253307646,0.3287228253307646,2,5
optimization,rosenbrock,0.02,cross_block_adaptive,1,12,2,1,3999,720,1.0,3.0853018599977746,3.114584953383867,3.114584953383867,2,5
optimization,rosenbrock,0.02,cross_sparse_known,1,12,2,2,3999,600,0.9719209277601716,2.743561376545585,2.7840389617493897,2.7840389617493897,2,5
optimization,rosenbrock,0.02,random_subspace,1,12,2,2,3999,0,0.9998668306331394,2.7589182617543817,2.8342156928732067,2.8342156928732067,2,5
optimization,rosenbrock,0.02,full_zo,1,12,2,12,3999,0,1.0,0.2522621367150449,0.3030660575874833,0.3030660575874833,2,5
optimization,sphere,0.0,oracle_subspace,0,12,2,2,3999,0,0.0,-0.0672059438709471,0.000453953363295,0.000453953363295,3,6
optimization,sphere,0.0,cross_block_known,0,12,2,2,3999,720,0.2764351431243266,-0.0779916714756556,0.002090016470343,0.002090016470343,3,6
optimization,sphere,0.0,cross_block_adaptive,0,12,2,2,3999,720,0.2040998772997221,-0.069459472360691,0.0002781657062949,0.0002781657062949,3,6
optimization,sphere,0.0,cross_sparse_known,0,12,2,2,3999,600,0.8692459123651641,-0.0643781650783421,0.0006344752132548,0.0006344752132548,3,6
optimization,sphere,0.0,random_subspace,0,12,2,2,3999,0,0.927711238522829,-0.0567918881361212,0.0032026296062043,0.0032026296062043,3,6
optimization,sphere,0.0,full_zo,0,12,2,12,3999,0,1.0,-0.0502738563538315,0.0060124912128485,0.0060124912128485,3,6
optimization,sphere,0.0,oracle_subspace,1,12,2,2,3999,0,2.5809568279517847e-08,-0.0677397570756814,0.0017089683494524,0.0017089683494524,3,7
optimization,sphere,0.0,cross_block_known,1,12,2,2,3999,720,0.2085839208716561,-0.0687955817369412,0.007827900968854,0.007827900968854,3,7
optimization,sphere,0.0,cross_block_adaptive,1,12,2,7,3999,720,1.0,-0.0752222095646913,0.0035714674170352,0.0035714674170352,3,7
optimization,sphere,0.0,cross_sparse_known,1,12,2,2,3999,600,0.442652125409995,-0.06306428416769,0.0072198048195287,0.0072198048195287,3,7
optimization,sphere,0.0,random_subspace,1,12,2,2,3999,0,0.9877102562173248,-0.06115319552252,0.0097925724053792,0.0097925724053792,3,7
optimization,sphere,0.0,full_zo,1,12,2,12,3999,0,1.0,-0.0546891420429024,0.0097206000993225,0.0097206000993225,3,7
optimization,sphere,0.02,oracle_subspace,0,12,2,2,3999,0,1.4901161193847656e-08,-0.0294186090117555,0.0450105751538962,0.0450105751538962,3,6
optimization,sphere,0.02,cross_block_known,0,12,2,2,3999,720,0.2977005283757373,-0.0300786580152175,0.03855908897793,0.03855908897793,3,6
optimization,sphere,0.02,cross_block_adaptive,0,12,2,4,3999,720,1.0,-0.0089673355721838,0.0421983835196196,0.0421983835196196,3,6
optimization,sphere,0.02,cross_sparse_known,0,12,2,2,3999,600,0.628442405357344,-0.0353191155503683,0.0372520612665041,0.0372520612665041,3,6
optimization,sphere,0.02,random_subspace,0,12,2,2,3999,0,0.9996900003112624,-0.0288487967185338,0.0401617750450117,0.0401617750450117,3,6
optimization,sphere,0.02,full_zo,0,12,2,12,3999,0,1.0,0.0063832132247265,0.0373197527332655,0.0373197527332655,3,6
optimization,sphere,0.02,oracle_subspace,1,12,2,2,3999,0,0.0,-0.030005458170796,0.0569033868638142,0.0569033868638142,3,7
optimization,sphere,0.02,cross_block_known,1,12,2,2,3999,720,0.2825702349400175,-0.0154189096709493,0.0558639762614536,0.0558639762614536,3,7
optimization,sphere,0.02,cross_block_adaptive,1,12,2,2,3999,720,0.2276097166438998,-0.0083574468233213,0.0548502487530693,0.0548502487530693,3,7
optimization,sphere,0.02,cross_sparse_known,1,12,2,2,3999,600,0.7795012225640203,-0.0161501153361191,0.0568166209196202,0.0568166209196202,3,7
optimization,sphere,0.02,random_subspace,1,12,2,2,3999,0,0.9989509378749012,0.0381824108686822,0.1110289546152158,0.1110289546152158,3,7
optimization,sphere,0.02,full_zo,1,12,2,12,3999,0,1.0,-0.0094698355439817,0.0490914821528097,0.0490914821528097,3,7
optimization,ellipsoid,0.0,oracle_subspace,0,12,2,2,3999,0,1.4901161193847656e-08,0.0142978728938998,0.0481145646971737,0.0481145646971737,3,6
optimization,ellipsoid,0.0,cross_block_known,0,12,2,2,3999,720,0.1548629808628731,0.4536371703558907,0.4999619752554363,0.4999619752554363,3,6
optimization,ellipsoid,0.0,cross_block_adaptive,0,12,2,1,3999,720,1.0,0.5152548112054719,0.522820122519563,0.522820122519563,3,6
optimization,ellipsoid,0.0,cross_sparse_known,0,12,2,2,3999,600,0.9672121257353684,0.6002933850471589,0.6365361824651273,0.6365361824651273,3,6
optimization,ellipsoid,0.0,random_subspace,0,12,2,2,3999,0,0.9982986856754462,-0.0300577168183562,0.0420285270807696,0.0420285270807696,3,6
optimization,ellipsoid,0.0,full_zo,0,12,2,12,3999,0,1.0,0.0638896519766435,0.1385108660353066,0.1385108660353066,3,6
optimization,ellipsoid,0.0,oracle_subspace,1,12,2,2,3999,0,0.0,-0.0318966187189884,0.0075028239807942,0.0075028239807942,3,7
optimization,ellipsoid,0.0,cross_block_known,1,12,2,2,3999,720,0.4095363689258805,-0.0319363101739262,0.0140488729378498,0.0140488729378498,3,7
optimization,ellipsoid,0.0,cross_block_adaptive,1,12,2,1,3999,720,1.0,-0.0149296600470453,0.0126690465292767,0.0126690465292767,3,7
optimization,ellipsoid,0.0,cross_sparse_known,1,12,2,2,3999,600,0.8153163436849826,-0.0124302642810574,0.0552925645616384,0.0552925645616384,3,7
optimization,ellipsoid,0.0,random_subspace,1,12,2,2,3999,0,0.99524597956235,-0.0425242978901167,0.0147909327289656,0.0147909327289656,3,7
optimization,ellipsoid,0.0,full_zo,1,12,2,12,3999,0,1.0,-0.0472175136684987,0.0102058548093445,0.0102058548093445,3,7
optimization,ellipsoid,0.02,oracle_subspace,0,12,2,2,3999,0,0.0,0.0326242419775112,0.0755508653535132,0.0755508653535132,3,6
optimization,ellipsoid,0.02,cross_block_known,0,12,2,2,3999,720,0.3087475153098625,-0.0114213051174674,0.0300641660360316,0.0300641660360316,3,6
optimization,ellipsoid,0.02,cross_block_adaptive,0,12,2,1,3999,720,1.0,0.0161416814283954,0.0525021290096419,0.0525021290096419,3,6
optimization,ellipsoid,0.02,cross_sparse_known,0,12,2,2,3999,600,0.996922320039965,-0.0204576743382434,0.0375451363025683,0.0375451363025683,3,6
optimization,ellipsoid,0.02,random_subspace,0,12,2,2,3999,0,0.9941682469353788,0.5076712054955661,0.5654250325587191,0.5654250325587191,3,6
optimization,ellipsoid,0.02,full_zo,0,12,2,12,3999,0,1.0,-0.0346446007948436,0.0346422395314627,0.0346422395314627,3,6
optimization,ellipsoid,0.02,oracle_subspace,1,12,2,2,3999,0,0.0,0.5185782040976238,0.5424693782834706,0.5424693782834706,3,7
optimization,ellipsoid,0.02,cross_block_known,1,12,2,2,3999,720,0.2035400024595079,0.4418261162779047,0.4839069798718156,0.4839069798718156,3,7
optimization,ellipsoid,0.02,cross_block_adaptive,1,12,2,1,3999,720,1.0,0.4000922185376948,0.4244982337475259,0.4244982337475259,3,7
optimization,ellipsoid,0.02,cross_sparse_known,1,12,2,2,3999,600,0.9999960852073588,0.3418834392292891,0.3803886400007542,0.3803886400007542,3,7
optimization,ellipsoid,0.02,random_subspace,1,12,2,2,3999,0,0.9760415894214276,1.661188498011526,1.7131676457225522,1.7131676457225522,3,7
optimization,ellipsoid,0.02,full_zo,1,12,2,12,3999,0,1.0,0.5833516429959466,0.639552010937063,0.639552010937063,3,7
optimization,rastrigin,0.0,oracle_subspace,0,12,2,2,3999,0,1.4901161193847656e-08,0.0008079654643755,0.0076444011780338,0.0076444011780338,3,6
optimization,rastrigin,0.0,cross_block_known,0,12,2,2,3999,720,0.0075414639136009,0.0036394343927407,0.0369845613635391,0.0369845613635391,3,6
optimization,rastrigin,0.0,cross_block_adaptive,0,12,2,2,3999,720,0.0083694030219344,-0.0054145391030948,0.0041530365172306,0.0041530365172306,3,6
optimization,rastrigin,0.0,cross_sparse_known,0,12,2,2,3999,600,0.4097101155063041,0.0142559759998973,0.0144702275742076,0.0144702275742076,3,6
optimization,rastrigin,0.0,random_subspace,0,12,2,2,3999,0,0.999620138881502,-0.0608072886918838,0.0045942032536352,0.0045942032536352,3,6
optimization,rastrigin,0.0,full_zo,0,12,2,12,3999,0,1.0,-0.0687300761185951,0.0091732914298745,0.0091732914298745,3,6
optimization,rastrigin,0.0,oracle_subspace,1,12,2,2,3999,0,2.5809568279517847e-08,1.0093171895203754,1.0059000010597323,1.0059000010597323,3,7
optimization,rastrigin,0.0,cross_block_known,1,12,2,2,3999,720,0.007019396691122,0.9830298488464092,1.0138341125424155,1.0138341125424155,3,7
optimization,rastrigin,0.0,cross_block_adaptive,1,12,2,2,3999,720,0.0092618064467214,0.9839769111433512,1.0061370851310087,1.0061370851310087,3,7
optimization,rastrigin,0.0,cross_sparse_known,1,12,2,2,3999,600,0.3896173833616221,0.9560723989653716,0.9957758792235688,0.9957758792235688,3,7
optimization,rastrigin,0.0,random_subspace,1,12,2,2,3999,0,0.9930414723725398,-0.0614882901663815,0.0025988631136009,0.0025988631136009,3,7
optimization,rastrigin,0.0,full_zo,1,12,2,12,3999,0,1.0,-0.0527250950135114,0.0090852956882017,0.0090852956882017,3,7
optimization,rastrigin,0.02,oracle_subspace,0,12,2,2,3999,0,2.5809568279517847e-08,1.0305678126702074,1.0399312312449325,1.0399312312449325,3,6
optimization,rastrigin,0.02,cross_block_known,0,12,2,2,3999,720,0.007182347128404,1.0297875273544048,1.0408062977593109,1.0408062977593109,3,6
optimization,rastrigin,0.02,cross_block_adaptive,0,12,2,2,3999,720,0.0087950798946961,1.009765017818659,1.026440873814003,1.026440873814003,3,6
optimization,rastrigin,0.02,cross_sparse_known,0,12,2,2,3999,600,0.4910529378722599,1.0081320313976148,1.0563256491976665,1.0563256491976665,3,6
optimization,rastrigin,0.02,random_subspace,0,12,2,2,3999,0,0.9675119853011118,0.9922014426707616,1.0406960693496337,1.0406960693496337,3,6
optimization,rastrigin,0.02,full_zo,0,12,2,12,3999,0,1.0,0.980203345634196,1.0448933491066723,1.0448933491066723,3,6
optimization,rastrigin,0.02,oracle_subspace,1,12,2,2,3999,0,1.4901161193847656e-08,1.0115416655848433,1.0319500682851632,1.0319500682851632,3,7
optimization,rastrigin,0.02,cross_block_known,1,12,2,2,3999,720,0.0063997129542019,1.0203455949679707,1.0364971122194035,1.0364971122194035,3,7
optimization,rastrigin,0.02,cross_block_adaptive,1,12,2,2,3999,720,0.0079956530268641,0.9837085835263316,1.0329502786929825,1.0329502786929825,3,7
optimization,rastrigin,0.02,cross_sparse_known,1,12,2,2,3999,600,0.3594435292457855,1.0110630133897356,1.048651271465318,1.048651271465318,3,7
optimization,rastrigin,0.02,random_subspace,1,12,2,2,3999,0,0.9703970872202248,0.9552842456358392,1.0262061223779797,1.0262061223779797,3,7
optimization,rastrigin,0.02,full_zo,1,12,2,12,3999,0,1.0,0.9713274118577908,1.048276002436496,1.048276002436496,3,7
optimization,rosenbrock,0.0,oracle_subspace,0,12,2,2,3999,0,2.5809568279517847e-08,-0.0399118640409152,0.0213955336816963,0.0213955336816963,3,6
optimization,rosenbrock,0.0,cross_block_known,0,12,2,2,3999,720,0.0024546692127156,-0.0232217116161299,0.0274551435569518,0.0274551435569518,3,6
optimization,rosenbrock,0.0,cross_block_adaptive,0,12,2,2,3999,720,0.0013305078943039,-0.030527697461294,0.0185524369137218,0.0185524369137218,3,6
optimization,rosenbrock,0.0,cross_sparse_known,0,12,2,2,3999,600,0.8644739903974651,0.0097762196590566,0.0529574849328421,0.0529574849328421,3,6
optimization,rosenbrock,0.0,random_subspace,0,12,2,2,3999,0,0.9752739972118424,-0.0433903655086661,0.0184581750929098,0.0184581750929098,3,6
optimization,rosenbrock,0.0,full_zo,0,12,2,12,3999,0,1.0,-0.0572742028560142,0.0108055414152997,0.0108055414152997,3,6
optimization,rosenbrock,0.0,oracle_subspace,1,12,2,2,3999,0,2.1073424255447017e-08,-0.0258683044062265,0.0065559955138329,0.0065559955138329,3,7
optimization,rosenbrock,0.0,cross_block_known,1,12,2,2,3999,720,0.0017975128885139,-0.0340878864139877,0.0184469761235228,0.0184469761235228,3,7
optimization,rosenbrock,0.0,cross_block_adaptive,1,12,2,2,3999,720,0.001749003585704,-0.0498899194234624,0.0042592511163111,0.0042592511163111,3,7
optimization,rosenbrock,0.0,cross_sparse_known,1,12,2,2,3999,600,0.9867567964648812,0.1229318084165666,0.1748609508264959,0.1748609508264959,3,7
optimization,rosenbrock,0.0,random_subspace,1,12,2,2,3999,0,0.9983964744026184,0.2969809685335891,0.3515342742360925,0.3515342742360925,3,7
optimization,rosenbrock,0.0,full_zo,1,12,2,12,3999,0,1.0,-0.029517208967764,0.021544646297977,0.021544646297977,3,7
optimization,rosenbrock,0.02,oracle_subspace,0,12,2,2,3999,0,2.5809568279517847e-08,0.0324255877402376,0.0886503223780332,0.0886503223780332,3,6
optimization,rosenbrock,0.02,cross_block_known,0,12,2,2,3999,720,0.0016502618856046,0.0821098971739807,0.1151706168584463,0.1151706168584463,3,6
optimization,rosenbrock,0.02,cross_block_adaptive,0,12,2,2,3999,720,0.0019743168457444,0.0692851577184782,0.1205796213661458,0.1205796213661458,3,6
optimization,rosenbrock,0.02,cross_sparse_known,0,12,2,2,3999,600,0.9766857675370344,0.0247978970865354,0.0801505458447074,0.0801505458447074,3,6
optimization,rosenbrock,0.02,random_subspace,0,12,2,2,3999,0,0.9995245347439436,-0.016643965366381,0.042018859499458,0.042018859499458,3,6
optimization,rosenbrock,0.02,full_zo,0,12,2,12,3999,0,1.0,0.0494934869961222,0.1129068671625768,0.1129068671625768,3,6
optimization,rosenbrock,0.02,oracle_subspace,1,12,2,2,3999,0,2.9802322387695312e-08,0.1952188219241767,0.2470325091169621,0.2470325091169621,3,7
optimization,rosenbrock,0.02,cross_block_known,1,12,2,2,3999,720,0.001498104570968,0.2304214583133204,0.2811670706060233,0.2811670706060233,3,7
optimization,rosenbrock,0.02,cross_block_adaptive,1,12,2,2,3999,720,0.0014947850296853,0.2165577502922593,0.255550763800525,0.255550763800525,3,7
optimization,rosenbrock,0.02,cross_sparse_known,1,12,2,2,3999,600,0.9465658205845734,0.6229293129395457,0.6703319962463765,0.6703319962463765,3,7
optimization,rosenbrock,0.02,random_subspace,1,12,2,2,3999,0,0.9994846494487508,0.0733207603140863,0.1435347354694589,0.1435347354694589,3,7
optimization,rosenbrock,0.02,full_zo,1,12,2,12,3999,0,1.0,0.2133030979723339,0.2558403381450593,0.2558403381450593,3,7
optimization,sphere,0.0,oracle_subspace,0,12,2,2,3999,0,0.0,-0.0659668103478383,0.0018834424602819,0.0018834424602819,4,8
optimization,sphere,0.0,cross_block_known,0,12,2,2,3999,720,0.3565088775340848,-0.0557677659760723,0.0054656903474102,0.0054656903474102,4,8
optimization,sphere,0.0,cross_block_adaptive,0,12,2,1,3999,720,1.0,-0.0568162383264682,0.0125856818070737,0.0125856818070737,4,8
optimization,sphere,0.0,cross_sparse_known,0,12,2,2,3999,600,0.9428099960673452,-0.0697059711155494,0.0004728351624824,0.0004728351624824,4,8
optimization,sphere,0.0,random_subspace,0,12,2,2,3999,0,0.9867179557864604,-0.061882378901779,0.0036270515744913,0.0036270515744913,4,8
optimization,sphere,0.0,full_zo,0,12,2,12,3999,0,1.0,-0.0505351667574944,0.0069436155248048,0.0069436155248048,4,8
optimization,sphere,0.0,oracle_subspace,1,12,2,2,3999,0,2.9802322387695312e-08,-0.0672472501186407,0.0028171836560242,0.0028171836560242,4,9
optimization,sphere,0.0,cross_block_known,1,12,2,2,3999,720,0.23098901152122,-0.0578483026201005,0.0001145117711401,0.0001145117711401,4,9
optimization,sphere,0.0,cross_block_adaptive,1,12,2,5,3999,720,1.0,-0.0659607884023489,0.0002733064606561,0.0002733064606561,4,9
optimization,sphere,0.0,cross_sparse_known,1,12,2,2,3999,600,0.6909972998109648,-0.0864295181611888,0.0011542326080485,0.0011542326080485,4,9
optimization,sphere,0.0,random_subspace,1,12,2,2,3999,0,0.99750833385867,-0.0471695036006426,0.0087516541442526,0.0087516541442526,4,9
optimization,sphere,0.0,full_zo,1,12,2,12,3999,0,1.0,-0.0490843244420226,0.0040543047705103,0.0040543047705103,4,9
optimization,sphere,0.02,oracle_subspace,0,12,2,2,3999,0,2.5809568279517847e-08,-0.012740098693777,0.0588709639291325,0.0588709639291325,4,8
optimization,sphere,0.02,cross_block_known,0,12,2,2,3999,720,0.2447688929584703,-0.0047353171552591,0.0629926626617091,0.0629926626617091,4,8
optimization,sphere,0.02,cross_block_adaptive,0,12,2,7,3999,720,1.0,-0.018444546352498,0.0482786487134058,0.0482786487134058,4,8
optimization,sphere,0.02,cross_sparse_known,0,12,2,2,3999,600,0.8146949323887694,0.0021394419373586,0.0750324458253824,0.0750324458253824,4,8
optimization,sphere,0.02,random_subspace,0,12,2,2,3999,0,0.9637089452671064,0.0351514378925116,0.1081663364621377,0.1081663364621377,4,8
optimization,sphere,0.02,full_zo,0,12,2,12,3999,0,1.0,0.0233580346221193,0.0511311490424011,0.0511311490424011,4,8
optimization,sphere,0.02,oracle_subspace,1,12,2,2,3999,0,2.1073424255447017e-08,-0.0340203168842343,0.0278928440974293,0.0278928440974293,4,9
optimization,sphere,0.02,cross_block_known,1,12,2,2,3999,720,0.3301837916049048,-0.0403211519037091,0.0265490533540763,0.0265490533540763,4,9
optimization,sphere,0.02,cross_block_adaptive,1,12,2,1,3999,720,1.0,-0.043682551450005,0.0331377575487115,0.0331377575487115,4,9
optimization,sphere,0.02,cross_sparse_known,1,12,2,2,3999,600,0.8098604006561966,-0.0452859727183099,0.0258864774682653,0.0258864774682653,4,9
optimization,sphere,0.02,random_subspace,1,12,2,2,3999,0,0.9958337061493208,0.4595405082357024,0.5195555926018288,0.5195555926018288,4,9
optimization,sphere,0.02,full_zo,1,12,2,12,3999,0,1.0,0.0117704073564242,0.0674862517483197,0.0674862517483197,4,9
optimization,ellipsoid,0.0,oracle_subspace,0,12,2,2,3999,0,2.5809568279517847e-08,-0.005903120471074,0.0369525375150343,0.0369525375150343,4,8
optimization,ellipsoid,0.0,cross_block_known,0,12,2,2,3999,720,0.1322572214241889,-0.063461219715808,0.0002617812501463,0.0002617812501463,4,8
optimization,ellipsoid,0.0,cross_block_adaptive,0,12,2,1,3999,720,1.0,0.0388581224770623,0.0718908186105291,0.0718908186105291,4,8
optimization,ellipsoid,0.0,cross_sparse_known,0,12,2,2,3999,600,0.8877914540724302,-0.0141506500330863,0.0375212785426611,0.0375212785426611,4,8
optimization,ellipsoid,0.0,random_subspace,0,12,2,2,3999,0,0.9864742725524092,0.137141946963613,0.1712176948300438,0.1712176948300438,4,8
optimization,ellipsoid,0.0,full_zo,0,12,2,12,3999,0,1.0,-0.0647058547546859,0.013035155004108,0.013035155004108,4,8
optimization,ellipsoid,0.0,oracle_subspace,1,12,2,2,3999,0,1.4901161193847656e-08,0.346942848802472,0.4162369778979732,0.4162369778979732,4,9
optimization,ellipsoid,0.0,cross_block_known,1,12,2,2,3999,720,0.1906586626096899,0.3612344654274775,0.3921504796998865,0.3921504796998865,4,9
optimization,ellipsoid,0.0,cross_block_adaptive,1,12,2,1,3999,720,1.0,1.0105306316512437,0.998107930845072,0.998107930845072,4,9
optimization,ellipsoid,0.0,cross_sparse_known,1,12,2,2,3999,600,0.7634763007068759,0.9420363553933124,0.9943389647573928,0.9943389647573928,4,9
optimization,ellipsoid,0.0,random_subspace,1,12,2,2,3999,0,0.9853471796767386,4.6007248285587785,4.653491283203355,4.653491283203355,4,9
optimization,ellipsoid,0.0,full_zo,1,12,2,12,3999,0,1.0,0.8792250394668504,0.8997146637288568,0.8997146637288568,4,9
optimization,ellipsoid,0.02,oracle_subspace,0,12,2,2,3999,0,0.0,0.055485030383428,0.0746785346202077,0.0746785346202077,4,8
optimization,ellipsoid,0.02,cross_block_known,0,12,2,2,3999,720,0.2227489403292224,0.063573441304011,0.0889377868560122,0.0889377868560122,4,8
optimization,ellipsoid,0.02,cross_block_adaptive,0,12,2,1,3999,720,1.0,0.169894270137996,0.1875503261352235,0.1875503261352235,4,8
optimization,ellipsoid,0.02,cross_sparse_known,0,12,2,2,3999,600,0.9371771603322616,0.007169313944434,0.0598352961824426,0.0598352961824426,4,8
optimization,ellipsoid,0.02,random_subspace,0,12,2,2,3999,0,0.9756011175673338,0.035793916007436,0.0964714021111728,0.0964714021111728,4,8
optimization,ellipsoid,0.02,full_zo,0,12,2,12,3999,0,1.0,0.0596912468522165,0.067088217889437,0.067088217889437,4,8
optimization,ellipsoid,0.02,oracle_subspace,1,12,2,2,3999,0,0.0,0.1244557931570548,0.1496647368235116,0.1496647368235116,4,9
optimization,ellipsoid,0.02,cross_block_known,1,12,2,2,3999,720,0.1544496214695876,0.2656358358712477,0.3065544586164392,0.3065544586164392,4,9
optimization,ellipsoid,0.02,cross_block_adaptive,1,12,2,1,3999,720,1.0,0.0917684420417024,0.1466399880470548,0.1466399880470548,4,9
optimization,ellipsoid,0.02,cross_sparse_known,1,12,2,2,3999,600,0.928511195328272,0.0727990588793172,0.1077939142043906,0.1077939142043906,4,9
optimization,ellipsoid,0.02,random_subspace,1,12,2,2,3999,0,0.9873473840975764,0.4009757222426026,0.4531491236553051,0.4531491236553051,4,9
optimization,ellipsoid,0.02,full_zo,1,12,2,12,3999,0,1.0,0.0119174563903215,0.0715935963390109,0.0715935963390109,4,9
optimization,rastrigin,0.0,oracle_subspace,0,12,2,2,3999,0,0.0,0.9490273208964009,1.018092517315285,1.018092517315285,4,8
optimization,rastrigin,0.0,cross_block_known,0,12,2,2,3999,720,0.0077295384085065,1.006442869661041,1.0086607560889649,1.0086607560889649,4,8
optimization,rastrigin,0.0,cross_block_adaptive,0,12,2,2,3999,720,0.0085217829344551,0.98404111996008,1.0062823359069668,1.0062823359069668,4,8
optimization,rastrigin,0.0,cross_sparse_known,0,12,2,2,3999,600,0.3848798683599805,0.9692024070507552,0.998513293879217,0.998513293879217,4,8
optimization,rastrigin,0.0,random_subspace,0,12,2,2,3999,0,0.9761507811863384,0.9453325729625256,0.9985991774957056,0.9985991774957056,4,8
optimization,rastrigin,0.0,full_zo,0,12,2,12,3999,0,1.0,0.9355495072470662,0.997000296715914,0.997000296715914,4,8
optimization,rastrigin,0.0,oracle_subspace,1,12,2,2,3999,0,0.0,1.9617886758254424,2.0034540529596896,2.0034540529596896,4,9
optimization,rastrigin,0.0,cross_block_known,1,12,2,2,3999,720,0.0105532256473431,1.993658955896107,2.0359229681014988,2.0359229681014988,4,9
optimization,rastrigin,0.0,cross_block_adaptive,1,12,2,2,3999,720,0.0121128334252153,1.9722165860464385,1.9982850959236276,1.9982850959236276,4,9
optimization,rastrigin,0.0,cross_sparse_known,1,12,2,2,3999,600,0.4379859547301529,1.9899154144067304,1.9973020043367384,1.9973020043367384,4,9
optimization,rastrigin,0.0,random_subspace,1,12,2,2,3999,0,0.9950776948121728,0.9310517198165116,0.9990353578150356,0.9990353578150356,4,9
optimization,rastrigin,0.0,full_zo,1,12,2,12,3999,0,1.0,1.9358661068070668,1.9936176439755895,1.9936176439755895,4,9
optimization,rastrigin,0.02,oracle_subspace,0,12,2,2,3999,0,2.1073424255447017e-08,1.0289628236558408,1.0372510215190618,1.0372510215190618,4,8
optimization,rastrigin,0.02,cross_block_known,0,12,2,2,3999,720,0.007158498678216,1.023213295327404,1.0521483887778946,1.0521483887778946,4,8
optimization,rastrigin,0.02,cross_block_adaptive,0,12,2,2,3999,720,0.0072977493827266,1.0315919501383684,1.043629588044727,1.043629588044727,4,8
optimization,rastrigin,0.02,cross_sparse_known,0,12,2,2,3999,600,0.4971756709126057,1.004711394996893,1.045481797241936,1.045481797241936,4,8
optimization,rastrigin,0.02,random_subspace,0,12,2,2,3999,0,0.9994161147200724,1.2618219218669786,1.3256960690773023,1.3256960690773023,4,8
optimization,rastrigin,0.02,full_zo,0,12,2,12,3999,0,1.0,0.9772292538440462,1.034458367276415,1.034458367276415,4,8
optimization,rastrigin,0.02,oracle_subspace,1,12,2,2,3999,0,0.0,0.0301867064348364,0.0545789914685527,0.0545789914685527,4,9
optimization,rastrigin,0.02,cross_block_known,1,12,2,2,3999,720,0.0066737114030653,0.0465427965709629,0.0516952290011965,0.0516952290011965,4,9
optimization,rastrigin,0.02,cross_block_adaptive,1,12,2,2,3999,720,0.0091717504535393,0.0633822420922106,0.0500013336863287,0.0500013336863287,4,9
optimization,rastrigin,0.02,cross_sparse_known,1,12,2,2,3999,600,0.4081833321682536,0.0416621027906433,0.0532689924202147,0.0532689924202147,4,9
optimization,rastrigin,0.02,random_subspace,1,12,2,2,3999,0,0.915749000838673,-0.0179613233890766,0.0358561487650379,0.0358561487650379,4,9
optimization,rastrigin,0.02,full_zo,1,12,2,12,3999,0,1.0,-0.0144560311123763,0.0407754007952635,0.0407754007952635,4,9
optimization,rosenbrock,0.0,oracle_subspace,0,12,2,2,3999,0,2.1073424255447017e-08,-0.0198370361421118,0.0313042717754262,0.0313042717754262,4,8
optimization,rosenbrock,0.0,cross_block_known,0,12,2,2,3999,720,0.0026363703678674,0.0128743784772635,0.0572620780653903,0.0572620780653903,4,8
optimization,rosenbrock,0.0,cross_block_adaptive,0,12,2,2,3999,720,0.0034007946285253,0.0037096007470089,0.0479087267269926,0.0479087267269926,4,8
optimization,rosenbrock,0.0,cross_sparse_known,0,12,2,2,3999,600,0.9341604390170926,0.1669337706765553,0.2175296973475418,0.2175296973475418,4,8
optimization,rosenbrock,0.0,random_subspace,0,12,2,2,3999,0,0.9507346450588414,0.0893823648796287,0.1416164469373948,0.1416164469373948,4,8
optimization,rosenbrock,0.0,full_zo,0,12,2,12,3999,0,1.0,-0.0509099800435106,0.0112199157142035,0.0112199157142035,4,8
optimization,rosenbrock,0.0,oracle_subspace,1,12,2,2,3999,0,0.0,0.0726104658183361,0.1124730125543105,0.1124730125543105,4,9
optimization,rosenbrock,0.0,cross_block_known,1,12,2,2,3999,720,0.0046641788082898,0.0510074724469647,0.0763343335337623,0.0763343335337623,4,9
optimization,rosenbrock,0.0,cross_block_adaptive,1,12,2,1,3999,720,1.0,0.2813777003343108,0.3244567237590274,0.3244567237590274,4,9
optimization,rosenbrock,0.0,cross_sparse_known,1,12,2,2,3999,600,0.9152895658689444,0.1271335406595521,0.1832195448592133,0.1832195448592133,4,9
optimization,rosenbrock,0.0,random_subspace,1,12,2,2,3999,0,0.981117012772267,0.0871968774136014,0.1451186419514648,0.1451186419514648,4,9
optimization,rosenbrock,0.0,full_zo,1,12,2,12,3999,0,1.0,0.0343954982417903,0.0916168072952254,0.0916168072952254,4,9
optimization,rosenbrock,0.02,oracle_subspace,0,12,2,2,3999,0,0.0,-0.0046181523451254,0.0394210565438533,0.0394210565438533,4,8
optimization,rosenbrock,0.02,cross_block_known,0,12,2,2,3999,720,0.0046590709920091,-0.0054913435593183,0.0400370713465582,0.0400370713465582,4,8
optimization,rosenbrock,0.02,cross_block_adaptive,0,12,2,2,3999,720,0.0018776748887629,-0.0088422772774491,0.0435064602058932,0.0435064602058932,4,8
optimization,rosenbrock,0.02,cross_sparse_known,0,12,2,2,3999,600,0.9808228731233434,0.2211858629230841,0.2614611187573751,0.2614611187573751,4,8
optimization,rosenbrock,0.02,random_subspace,0,12,2,2,3999,0,0.996536659421642,0.2877955501170416,0.3392899079749531,0.3392899079749531,4,8
optimization,rosenbrock,0.02,full_zo,0,12,2,12,3999,0,1.0,-0.0274898063827924,0.0259977315288529,0.0259977315288529,4,8
optimization,rosenbrock,0.02,oracle_subspace,1,12,2,2,3999,0,2.1073424255447017e-08,0.2683427064815109,0.3114368437355206,0.3114368437355206,4,9
optimization,rosenbrock,0.02,cross_block_known,1,12,2,2,3999,720,0.0011155982574047,0.3972335849861539,0.4285889712660948,0.4285889712660948,4,9
optimization,rosenbrock,0.02,cross_block_adaptive,1,12,2,1,3999,720,1.0,45.68365299091119,45.71262356132322,45.71262356132322,4,9
optimization,rosenbrock,0.02,cross_sparse_known,1,12,2,2,3999,600,0.8300582757375352,0.3929520561697246,0.4302771113664009,0.4302771113664009,4,9
optimization,rosenbrock,0.02,random_subspace,1,12,2,2,3999,0,0.9998220826138304,58.46755558334164,58.5084268620794,58.5084268620794,4,9
optimization,rosenbrock,0.02,full_zo,1,12,2,12,3999,0,1.0,0.3337725796050936,0.3843856427559399,0.3843856427559399,4,9
